
[
  {
    "question": "Quelle est la méthode JavaScript utilisée pour vérifier si un élément est présent dans un tableau ?",
    "options": ["hasElement()", "contains()", "includes()", "exists()"],
    "correctIndex": 2
  },
  {
    "question": "Quelle fonction JavaScript est utilisée pour arrondir un nombre à l'entier le plus proche ?",
    "options": ["round()", "floor()", "ceil()", "trunc()"],
    "correctIndex": 0
  },
   {
    "question": "Qu'est-ce que HTML?",
    "options": ["Hyper Text Markup Language", "Hyperlinks and Text Markup Language", "Home Tool Markup Language", "Hyper Tool Multi Language"],
    "correctIndex": 0
  },
  {
    "question": "Qu'est-ce que CSS?",
    "options": ["Cascading Style Sheets", "Creative Style Sheets", "Computer Style Sheets", "Colorful Style Sheets"],
    "correctIndex": 1
  },
  {
    "question": "Quel est le symbole utilisé pour cibler les balises HTML par leur ID en CSS ?",
    "options": ["#", ".", "$", "@"],
    "correctIndex": 0
  },
  {
    "question": "Quel est le sélecteur CSS utilisé pour sélectionner des éléments avec une classe spécifique ?",
    "options": ["*", ".", "#", ":"],
    "correctIndex": 1
  },
  {
    "question": "Qu'est-ce que JavaScript?",
    "options": ["Un langage de programmation pour créer des pages web dynamiques", "Un éditeur de texte populaire", "Un framework CSS", "Un outil de création de maquettes"],
    "correctIndex":0
  },
  {
    "question": "Quel est l'opérateur utilisé pour concaténer des chaînes de caractères en JavaScript ?",
    "options": ["+", "-", "*", "/"],
    "correctIndex": 0
  },
  {
    "question": "Quel est le résultat de l'expression '2' + 2 en JavaScript ?",
    "options": ["4", "22", "Erreur", "NaN"],
    "correctIndex": 1
  },
  {
    "question": "Quel est le résultat de l'expression '2' - 1 en JavaScript ?",
    "options": ["1", "3", "Erreur", "NaN"],
"correctIndex": 0
  },
  {
    "question": "Quelle balise HTML est utilisée pour créer un paragraphe ?",
    "options": ["<p>", "<para>", "<paragraph>", "<br>"],
    "correctIndex": 0
  },
  {
    "question": "Quelle propriété CSS est utilisée pour définir la taille du texte ?",
    "options": ["text-size", "size", "font", "font-size"],
    "correctIndex": 3
  },
  {
    "question": "Quel est le sélecteur CSS utilisé pour cibler tous les éléments HTML de la même classe ?",
    "options": ["*", "#", ".", ":"],
    "correctIndex": 2
  },
  {
    "question": "Quel est le résultat de l'expression 5 + '3' en JavaScript ?",
    "options": ["8", "53", "Erreur", "NaN"],
    "correctIndex": 1
  },
  {
    "question": "Quelle balise HTML est utilisée pour définir une liste ordonnée ?",
    "options": ["<ol>", "<ul>", "<li>", "<list>"],
    "correctIndex": 0
  },
  {
    "question": "Quelle est la propriété CSS utilisée pour définir la couleur du texte ?",
    "options": ["text-color", "color", "font-color", "text-style"],
    "correctIndex": 1
  },
  {
    "question": "Quel est l'élément HTML utilisé pour créer un lien hypertexte ?",
    "options": ["<a>", "<link>", "<href>", "<url>"],
    "correctIndex": 0
  },
  {
    "question": "Quelle est la fonction JavaScript utilisée pour afficher une boîte de dialogue avec un message ?",
    "options": ["popup()", "alert()", "messageBox()", "showDialog()"],
    "correctIndex": 1
  },
  {
    "question": "Quel attribut HTML est utilisé pour spécifier l'URL vers laquelle un lien doit pointer ?",
    "options": ["href", "url", "link", "src"],
    "correctIndex": 0
  },
  {
    "question": "Quelle est la méthode CSS utilisée pour centrer un élément horizontalement ?",
    "options": ["center-align", "horizontal-center", "margin-center", "margin: 0 auto"],
    "correctIndex": 3
  },
  {
    "question": "Quelle balise HTML est utilisée pour définir une liste ordonnée ?",
    "options": ["<ol>", "<ul>", "<li>", "<list>"],
    "correctIndex": 0
  },
  {
    "question": "Quelle est la propriété CSS utilisée pour définir la couleur du texte ?",
    "options": ["text-color", "color", "font-color", "text-style"],
    "correctIndex": 1
  },
  {
    "question": "Quel est l'élément HTML utilisé pour créer une image ?",
    "options": ["<img>", "<image>", "<picture>", "<figure>"],
    "correctIndex": 0
  },
  {
    "question": "Quelle est la méthode JavaScript utilisée pour sélectionner un élément par son ID ?",
    "options": ["getElementByName", "getElementById", "querySelector", "getElementsByClassName"],
    "correctIndex": 1
  },
  {
    "question": "Quelle balise HTML est utilisée pour définir un titre de page ?",
    "options": ["<title>", "<header>", "<h1>", "<caption>"],
    "correctIndex": 0
  },
  {
    "question": "Quelle est la propriété CSS utilisée pour définir la couleur de fond d'un élément ?",
    "options": ["background-color", "color", "background", "bgcolor"],
    "correctIndex": 0
  },
  {
    "question": "Quel est le sélecteur CSS utilisé pour cibler le premier élément enfant d'un autre élément ?",
    "options": [":first-child", ":nth-child(1)", ":child(1)", ":first"],
    "correctIndex": 0
  },
  {
    "question": "Quelle fonction JavaScript est utilisée pour obtenir la longueur d'une chaîne de caractères ?",
    "options": ["length()", "count()", "size()", "strlen()"],
    "correctIndex": 0
  },
  {
    "question": "Quel attribut HTML est utilisé pour spécifier une classe CSS ?",
    "options": ["class", "style", "css", "className"],
    "correctIndex": 0
  },
  {
    "question": "Quelle est la balise HTML utilisée pour définir un tableau ?",
    "options": ["<table>", "<tab>", "<tr>", "<td>"],
    "correctIndex": 0
  }
  ]
    


